Year,Month,Region,Pounds,Trips
1978,1,APALACHICOLA BAY AREA,772160,0
1978,1,REST OF FL EAST,6180,0
1978,1,REST OF FL WEST,18917,0
1978,1,ST. AUGUSTINE AREA,10102,0
1978,1,SUWANNEE AREA,17746,0
1978,2,APALACHICOLA BAY AREA,787500,0
1978,2,REST OF FL EAST,6572,0
1978,2,REST OF FL WEST,16230,0
1978,2,ST. AUGUSTINE AREA,7609,0
1978,2,SUWANNEE AREA,11961,0
1978,3,APALACHICOLA BAY AREA,718589,0
1978,3,REST OF FL EAST,7701,0
1978,3,REST OF FL WEST,14749,0
1978,3,ST. AUGUSTINE AREA,6459,0
1978,3,SUWANNEE AREA,4428,0
1978,4,APALACHICOLA BAY AREA,463687,0
1978,4,REST OF FL EAST,5985,0
1978,4,REST OF FL WEST,4971,0
1978,4,ST. AUGUSTINE AREA,3830,0
1978,4,SUWANNEE AREA,1634,0
1978,5,APALACHICOLA BAY AREA,440445,0
1978,5,REST OF FL EAST,1090,0
1978,5,REST OF FL WEST,9239,0
1978,5,SUWANNEE AREA,263,0
1978,6,APALACHICOLA BAY AREA,135868,0
1978,6,REST OF FL EAST,1615,0
1978,7,APALACHICOLA BAY AREA,130390,0
1978,7,REST OF FL EAST,428,0
1978,8,APALACHICOLA BAY AREA,168933,0
1978,8,REST OF FL EAST,586,0
1978,8,REST OF FL WEST,2735,0
1978,9,APALACHICOLA BAY AREA,453495,0
1978,9,REST OF FL EAST,1101,0
1978,9,REST OF FL WEST,20023,0
1978,9,ST. AUGUSTINE AREA,5502,0
1978,9,SUWANNEE AREA,3390,0
1978,10,APALACHICOLA BAY AREA,500261,0
1978,10,REST OF FL EAST,2303,0
1978,10,REST OF FL WEST,21773,0
1978,10,ST. AUGUSTINE AREA,6091,0
1978,10,SUWANNEE AREA,3949,0
1978,11,APALACHICOLA BAY AREA,524732,0
1978,11,REST OF FL EAST,6360,0
1978,11,REST OF FL WEST,22016,0
1978,11,ST. AUGUSTINE AREA,4668,0
1978,11,SUWANNEE AREA,3256,0
1978,12,APALACHICOLA BAY AREA,557579,0
1978,12,REST OF FL EAST,3367,0
1978,12,REST OF FL WEST,39613,0
1978,12,ST. AUGUSTINE AREA,6102,0
1978,12,SUWANNEE AREA,9680,0
1979,1,APALACHICOLA BAY AREA,745099,0
1979,1,REST OF FL EAST,2864,0
1979,1,REST OF FL WEST,18051,0
1979,1,ST. AUGUSTINE AREA,8339,0
1979,1,SUWANNEE AREA,7713,0
1979,2,APALACHICOLA BAY AREA,719288,0
1979,2,REST OF FL EAST,4361,0
1979,2,REST OF FL WEST,23817,0
1979,2,ST. AUGUSTINE AREA,7862,0
1979,2,SUWANNEE AREA,8973,0
1979,3,APALACHICOLA BAY AREA,714271,0
1979,3,REST OF FL EAST,4812,0
1979,3,REST OF FL WEST,41068,0
1979,3,ST. AUGUSTINE AREA,7560,0
1979,3,SUWANNEE AREA,7197,0
1979,4,APALACHICOLA BAY AREA,406139,0
1979,4,REST OF FL EAST,5003,0
1979,4,REST OF FL WEST,17247,0
1979,4,ST. AUGUSTINE AREA,5108,0
1979,4,SUWANNEE AREA,4695,0
1979,5,APALACHICOLA BAY AREA,349959,0
1979,5,REST OF FL EAST,1827,0
1979,5,REST OF FL WEST,5675,0
1979,5,SUWANNEE AREA,1436,0
1979,6,APALACHICOLA BAY AREA,201093,0
1979,6,REST OF FL EAST,1094,0
1979,7,APALACHICOLA BAY AREA,200819,0
1979,7,REST OF FL EAST,875,0
1979,7,REST OF FL WEST,350,0
1979,8,APALACHICOLA BAY AREA,294157,0
1979,8,REST OF FL WEST,700,0
1979,9,APALACHICOLA BAY AREA,369999,0
1979,9,REST OF FL EAST,1770,0
1979,9,REST OF FL WEST,5344,0
1979,9,ST. AUGUSTINE AREA,1524,0
1979,9,SUWANNEE AREA,886,0
1979,10,APALACHICOLA BAY AREA,637472,0
1979,10,REST OF FL EAST,2974,0
1979,10,REST OF FL WEST,8862,0
1979,10,ST. AUGUSTINE AREA,3620,0
1979,10,SUWANNEE AREA,4043,0
1979,11,APALACHICOLA BAY AREA,634456,0
1979,11,REST OF FL EAST,6237,0
1979,11,REST OF FL WEST,11232,0
1979,11,ST. AUGUSTINE AREA,4537,0
1979,11,SUWANNEE AREA,10768,0
1979,12,APALACHICOLA BAY AREA,654195,0
1979,12,REST OF FL EAST,4469,0
1979,12,REST OF FL WEST,13260,0
1979,12,ST. AUGUSTINE AREA,6513,0
1979,12,SUWANNEE AREA,6646,0
1980,1,APALACHICOLA BAY AREA,758080,0
1980,1,REST OF FL EAST,4641,0
1980,1,REST OF FL WEST,14495,0
1980,1,ST. AUGUSTINE AREA,8794,0
1980,1,SUWANNEE AREA,13192,0
1980,2,APALACHICOLA BAY AREA,719280,0
1980,2,REST OF FL EAST,4288,0
1980,2,REST OF FL WEST,23604,0
1980,2,ST. AUGUSTINE AREA,8445,0
1980,2,SUWANNEE AREA,4133,0
1980,3,APALACHICOLA BAY AREA,587926,0
1980,3,REST OF FL EAST,4978,0
1980,3,REST OF FL WEST,27797,0
1980,3,ST. AUGUSTINE AREA,8318,0
1980,3,SUWANNEE AREA,11486,0
1980,4,APALACHICOLA BAY AREA,569017,0
1980,4,REST OF FL EAST,4352,0
1980,4,REST OF FL WEST,20715,0
1980,4,ST. AUGUSTINE AREA,6156,0
1980,4,SUWANNEE AREA,8445,0
1980,5,APALACHICOLA BAY AREA,408687,0
1980,5,REST OF FL EAST,2066,0
1980,5,REST OF FL WEST,9319,0
1980,5,ST. AUGUSTINE AREA,3514,0
1980,5,SUWANNEE AREA,3203,0
1980,6,APALACHICOLA BAY AREA,313402,0
1980,6,REST OF FL EAST,1050,0
1980,6,REST OF FL WEST,1751,0
1980,6,ST. AUGUSTINE AREA,1325,0
1980,7,APALACHICOLA BAY AREA,332656,0
1980,7,REST OF FL EAST,1501,0
1980,7,REST OF FL WEST,538,0
1980,7,ST. AUGUSTINE AREA,480,0
1980,8,APALACHICOLA BAY AREA,271024,0
1980,8,REST OF FL EAST,1632,0
1980,8,REST OF FL WEST,48,0
1980,9,APALACHICOLA BAY AREA,546317,0
1980,9,REST OF FL EAST,1352,0
1980,9,REST OF FL WEST,9355,0
1980,9,ST. AUGUSTINE AREA,2005,0
1980,9,SUWANNEE AREA,772,0
1980,10,APALACHICOLA BAY AREA,551288,0
1980,10,REST OF FL EAST,1417,0
1980,10,REST OF FL WEST,17720,0
1980,10,ST. AUGUSTINE AREA,5940,0
1980,10,SUWANNEE AREA,4878,0
1980,11,APALACHICOLA BAY AREA,575373,0
1980,11,REST OF FL EAST,1509,0
1980,11,REST OF FL WEST,22218,0
1980,11,ST. AUGUSTINE AREA,8243,0
1980,11,SUWANNEE AREA,22356,0
1980,12,APALACHICOLA BAY AREA,867375,0
1980,12,REST OF FL EAST,3414,0
1980,12,REST OF FL WEST,25594,0
1980,12,ST. AUGUSTINE AREA,11959,0
1980,12,SUWANNEE AREA,13887,0
1981,1,APALACHICOLA BAY AREA,842727,0
1981,1,REST OF FL EAST,3000,0
1981,1,REST OF FL WEST,41312,0
1981,1,ST. AUGUSTINE AREA,10781,0
1981,1,SUWANNEE AREA,23700,0
1981,2,APALACHICOLA BAY AREA,681831,0
1981,2,REST OF FL EAST,5756,0
1981,2,REST OF FL WEST,53591,0
1981,2,ST. AUGUSTINE AREA,8444,0
1981,2,SUWANNEE AREA,32311,0
1981,3,APALACHICOLA BAY AREA,829755,0
1981,3,REST OF FL EAST,7737,0
1981,3,REST OF FL WEST,23491,0
1981,3,ST. AUGUSTINE AREA,5421,0
1981,3,SUWANNEE AREA,20694,0
1981,4,APALACHICOLA BAY AREA,854938,0
1981,4,REST OF FL EAST,6365,0
1981,4,REST OF FL WEST,20039,0
1981,4,ST. AUGUSTINE AREA,9784,0
1981,4,SUWANNEE AREA,7770,0
1981,5,APALACHICOLA BAY AREA,454703,0
1981,5,REST OF FL EAST,2164,0
1981,5,REST OF FL WEST,10234,0
1981,5,ST. AUGUSTINE AREA,2156,0
1981,5,SUWANNEE AREA,2026,0
1981,6,APALACHICOLA BAY AREA,479412,0
1981,6,REST OF FL EAST,1969,0
1981,6,REST OF FL WEST,2098,0
1981,6,SUWANNEE AREA,238,0
1981,7,APALACHICOLA BAY AREA,443641,0
1981,7,REST OF FL EAST,1960,0
1981,7,REST OF FL WEST,9747,0
1981,8,APALACHICOLA BAY AREA,366301,0
1981,8,REST OF FL EAST,1400,0
1981,8,REST OF FL WEST,5031,0
1981,9,APALACHICOLA BAY AREA,517333,0
1981,9,REST OF FL EAST,2932,0
1981,9,REST OF FL WEST,21120,0
1981,9,ST. AUGUSTINE AREA,1286,0
1981,9,SUWANNEE AREA,3705,0
1981,10,APALACHICOLA BAY AREA,408450,0
1981,10,REST OF FL EAST,4804,0
1981,10,REST OF FL WEST,16627,0
1981,10,ST. AUGUSTINE AREA,1925,0
1981,10,SUWANNEE AREA,14573,0
1981,11,APALACHICOLA BAY AREA,416824,0
1981,11,REST OF FL EAST,3939,0
1981,11,REST OF FL WEST,27157,0
1981,11,ST. AUGUSTINE AREA,5398,0
1981,11,SUWANNEE AREA,19803,0
1981,12,APALACHICOLA BAY AREA,444944,0
1981,12,REST OF FL EAST,6273,0
1981,12,REST OF FL WEST,43166,0
1981,12,ST. AUGUSTINE AREA,5561,0
1981,12,SUWANNEE AREA,31037,0
1982,1,APALACHICOLA BAY AREA,586250,0
1982,1,REST OF FL EAST,6208,0
1982,1,REST OF FL WEST,55137,0
1982,1,ST. AUGUSTINE AREA,3511,0
1982,1,SUWANNEE AREA,49545,0
1982,2,APALACHICOLA BAY AREA,347432,0
1982,2,REST OF FL EAST,6560,0
1982,2,REST OF FL WEST,78618,0
1982,2,ST. AUGUSTINE AREA,3984,0
1982,2,SUWANNEE AREA,43072,0
1982,3,APALACHICOLA BAY AREA,485459,0
1982,3,REST OF FL EAST,6329,0
1982,3,REST OF FL WEST,51553,0
1982,3,ST. AUGUSTINE AREA,4162,0
1982,3,SUWANNEE AREA,30914,0
1982,4,APALACHICOLA BAY AREA,480036,0
1982,4,REST OF FL EAST,5170,0
1982,4,REST OF FL WEST,45227,0
1982,4,ST. AUGUSTINE AREA,6156,0
1982,4,SUWANNEE AREA,15307,0
1982,5,APALACHICOLA BAY AREA,309897,0
1982,5,REST OF FL EAST,2314,0
1982,5,REST OF FL WEST,25853,0
1982,5,SUWANNEE AREA,6742,0
1982,6,APALACHICOLA BAY AREA,335982,0
1982,6,REST OF FL EAST,1640,0
1982,6,REST OF FL WEST,245,0
1982,7,APALACHICOLA BAY AREA,280768,0
1982,7,REST OF FL EAST,1093,0
1982,7,REST OF FL WEST,1269,0
1982,8,APALACHICOLA BAY AREA,203233,0
1982,8,REST OF FL EAST,875,0
1982,8,REST OF FL WEST,1401,0
1982,9,APALACHICOLA BAY AREA,218800,0
1982,9,REST OF FL EAST,2477,0
1982,9,REST OF FL WEST,6716,0
1982,9,ST. AUGUSTINE AREA,4077,0
1982,9,SUWANNEE AREA,34347,0
1982,10,APALACHICOLA BAY AREA,232436,0
1982,10,REST OF FL EAST,330788,0
1982,10,REST OF FL WEST,12442,0
1982,10,ST. AUGUSTINE AREA,4804,0
1982,10,SUWANNEE AREA,17627,0
1982,11,APALACHICOLA BAY AREA,337155,0
1982,11,REST OF FL EAST,3434,0
1982,11,REST OF FL WEST,14503,0
1982,11,ST. AUGUSTINE AREA,6746,0
1982,11,SUWANNEE AREA,30153,0
1982,12,APALACHICOLA BAY AREA,441607,0
1982,12,REST OF FL EAST,3936,0
1982,12,REST OF FL WEST,28413,0
1982,12,ST. AUGUSTINE AREA,6080,0
1982,12,SUWANNEE AREA,13873,0
1983,1,APALACHICOLA BAY AREA,378563,0
1983,1,REST OF FL EAST,5620,0
1983,1,REST OF FL WEST,23362,0
1983,1,ST. AUGUSTINE AREA,3879,0
1983,1,SUWANNEE AREA,27255,0
1983,2,APALACHICOLA BAY AREA,325069,0
1983,2,REST OF FL EAST,4563,0
1983,2,REST OF FL WEST,21263,0
1983,2,ST. AUGUSTINE AREA,718,0
1983,2,SUWANNEE AREA,23048,0
1983,3,APALACHICOLA BAY AREA,333300,0
1983,3,REST OF FL EAST,8902,0
1983,3,REST OF FL WEST,24730,0
1983,3,ST. AUGUSTINE AREA,5899,0
1983,3,SUWANNEE AREA,16003,0
1983,4,APALACHICOLA BAY AREA,284015,0
1983,4,REST OF FL EAST,7827,0
1983,4,REST OF FL WEST,9955,0
1983,4,ST. AUGUSTINE AREA,5591,0
1983,4,SUWANNEE AREA,17798,0
1983,5,APALACHICOLA BAY AREA,324050,0
1983,5,REST OF FL EAST,2846,0
1983,5,REST OF FL WEST,15718,0
1983,5,ST. AUGUSTINE AREA,582,0
1983,5,SUWANNEE AREA,3615,0
1983,6,APALACHICOLA BAY AREA,255185,0
1983,6,REST OF FL EAST,1500,0
1983,6,REST OF FL WEST,6655,0
1983,6,ST. AUGUSTINE AREA,44,0
1983,7,APALACHICOLA BAY AREA,184306,0
1983,7,REST OF FL EAST,438,0
1983,7,REST OF FL WEST,10074,0
1983,7,ST. AUGUSTINE AREA,35,0
1983,8,APALACHICOLA BAY AREA,165517,0
1983,8,REST OF FL EAST,656,0
1983,8,REST OF FL WEST,197,0
1983,8,ST. AUGUSTINE AREA,27,0
1983,9,APALACHICOLA BAY AREA,381473,0
1983,9,REST OF FL EAST,272,0
1983,9,REST OF FL WEST,16914,0
1983,9,ST. AUGUSTINE AREA,1097,0
1983,9,SUWANNEE AREA,6435,0
1983,10,APALACHICOLA BAY AREA,371897,0
1983,10,REST OF FL EAST,2299,0
1983,10,REST OF FL WEST,10544,0
1983,10,ST. AUGUSTINE AREA,5110,0
1983,10,SUWANNEE AREA,13954,0
1983,11,APALACHICOLA BAY AREA,535482,0
1983,11,REST OF FL EAST,2319,0
1983,11,REST OF FL WEST,18754,0
1983,11,ST. AUGUSTINE AREA,6027,0
1983,11,SUWANNEE AREA,7879,0
1983,12,APALACHICOLA BAY AREA,476602,0
1983,12,REST OF FL EAST,4750,0
1983,12,REST OF FL WEST,13673,0
1983,12,ST. AUGUSTINE AREA,6958,0
1983,12,SUWANNEE AREA,23209,0
1984,1,APALACHICOLA BAY AREA,814804,0
1984,1,REST OF FL EAST,7768,0
1984,1,REST OF FL WEST,31086,0
1984,1,ST. AUGUSTINE AREA,7150,0
1984,1,SUWANNEE AREA,30744,0
1984,2,APALACHICOLA BAY AREA,789643,0
1984,2,REST OF FL EAST,24765,0
1984,2,REST OF FL WEST,26037,0
1984,2,ST. AUGUSTINE AREA,6189,0
1984,2,SUWANNEE AREA,23274,0
1984,3,APALACHICOLA BAY AREA,668728,0
1984,3,REST OF FL EAST,20268,0
1984,3,REST OF FL WEST,12619,0
1984,3,ST. AUGUSTINE AREA,7165,0
1984,3,SUWANNEE AREA,29041,0
1984,4,APALACHICOLA BAY AREA,495991,0
1984,4,REST OF FL EAST,17177,0
1984,4,REST OF FL WEST,15411,0
1984,4,ST. AUGUSTINE AREA,5151,0
1984,4,SUWANNEE AREA,13904,0
1984,5,APALACHICOLA BAY AREA,573186,0
1984,5,REST OF FL EAST,1186,0
1984,5,REST OF FL WEST,10089,0
1984,5,SUWANNEE AREA,1941,0
1984,6,APALACHICOLA BAY AREA,470003,0
1984,6,REST OF FL EAST,1094,0
1984,6,REST OF FL WEST,6674,0
1984,7,APALACHICOLA BAY AREA,270196,0
1984,7,REST OF FL WEST,105,0
1984,8,APALACHICOLA BAY AREA,202186,0
1984,8,REST OF FL EAST,820,0
1984,8,REST OF FL WEST,810,0
1984,9,APALACHICOLA BAY AREA,460107,0
1984,9,REST OF FL EAST,364,0
1984,9,REST OF FL WEST,6561,0
1984,9,SUWANNEE AREA,5735,0
1984,10,APALACHICOLA BAY AREA,516903,0
1984,10,REST OF FL EAST,1522,0
1984,10,REST OF FL WEST,9048,0
1984,10,SUWANNEE AREA,23749,0
1984,11,APALACHICOLA BAY AREA,449449,0
1984,11,REST OF FL EAST,1082,0
1984,11,REST OF FL WEST,34173,0
1984,11,ST. AUGUSTINE AREA,367,0
1984,11,SUWANNEE AREA,4156,0
1984,12,APALACHICOLA BAY AREA,559067,0
1984,12,REST OF FL EAST,1449,0
1984,12,REST OF FL WEST,52490,0
1984,12,ST. AUGUSTINE AREA,5255,0
1984,12,SUWANNEE AREA,13016,0
1985,1,APALACHICOLA BAY AREA,629834,0
1985,1,REST OF FL WEST,63147,0
1985,1,ST. AUGUSTINE AREA,1190,0
1985,1,SUWANNEE AREA,18699,0
1985,2,APALACHICOLA BAY AREA,560980,0
1985,2,REST OF FL EAST,197,0
1985,2,REST OF FL WEST,54680,0
1985,2,ST. AUGUSTINE AREA,1825,0
1985,2,SUWANNEE AREA,13172,0
1985,3,APALACHICOLA BAY AREA,626185,0
1985,3,REST OF FL EAST,978,0
1985,3,REST OF FL WEST,43673,0
1985,3,ST. AUGUSTINE AREA,2238,0
1985,3,SUWANNEE AREA,8137,0
1985,4,APALACHICOLA BAY AREA,553769,0
1985,4,REST OF FL EAST,825,0
1985,4,REST OF FL WEST,37271,0
1985,4,SUWANNEE AREA,3270,0
1985,5,APALACHICOLA BAY AREA,434935,0
1985,5,REST OF FL EAST,259,0
1985,5,REST OF FL WEST,14028,0
1985,5,SUWANNEE AREA,709,0
1985,6,APALACHICOLA BAY AREA,412454,0
1985,7,APALACHICOLA BAY AREA,426196,0
1985,7,REST OF FL WEST,6809,0
1985,8,APALACHICOLA BAY AREA,197916,0
1985,8,REST OF FL EAST,334,0
1985,8,REST OF FL WEST,15754,0
1985,9,APALACHICOLA BAY AREA,648,0
1985,9,REST OF FL EAST,580,0
1985,9,REST OF FL WEST,15906,0
1985,9,SUWANNEE AREA,45476,0
1985,10,REST OF FL EAST,1220,0
1985,10,REST OF FL WEST,28791,0
1985,10,SUWANNEE AREA,20034,0
1985,11,REST OF FL EAST,636,0
1985,11,REST OF FL WEST,34694,0
1985,11,SUWANNEE AREA,27639,0
1985,12,REST OF FL EAST,963,0
1985,12,REST OF FL WEST,75240,0
1985,12,SUWANNEE AREA,23321,0
1986,1,APALACHICOLA BAY AREA,3203,23
1986,1,REST OF FL EAST,17625,45
1986,1,REST OF FL WEST,98294,489
1986,1,SUWANNEE AREA,131262,707
1986,2,APALACHICOLA BAY AREA,156,2
1986,2,REST OF FL EAST,16071,81
1986,2,REST OF FL WEST,62116,421
1986,2,SUWANNEE AREA,139264,469
1986,3,REST OF FL EAST,25158,72
1986,3,REST OF FL WEST,90878,529
1986,3,SUWANNEE AREA,127626,561
1986,4,APALACHICOLA BAY AREA,83,1
1986,4,REST OF FL EAST,10388,50
1986,4,REST OF FL WEST,104560,619
1986,4,ST. AUGUSTINE AREA,1019,4
1986,4,SUWANNEE AREA,182465,537
1986,5,APALACHICOLA BAY AREA,48560,575
1986,5,REST OF FL EAST,6869,20
1986,5,REST OF FL WEST,37944,387
1986,5,SUWANNEE AREA,172927,370
1986,6,APALACHICOLA BAY AREA,46815,673
1986,6,REST OF FL EAST,1680,23
1986,6,REST OF FL WEST,7374,137
1986,6,SUWANNEE AREA,13,1
1986,7,APALACHICOLA BAY AREA,53366,707
1986,7,REST OF FL EAST,3542,22
1986,7,REST OF FL WEST,9827,174
1986,7,SUWANNEE AREA,252,3
1986,8,APALACHICOLA BAY AREA,26556,548
1986,8,REST OF FL EAST,1778,17
1986,8,REST OF FL WEST,3675,73
1986,9,APALACHICOLA BAY AREA,9261,236
1986,9,REST OF FL EAST,3583,54
1986,9,REST OF FL WEST,31433,508
1986,9,ST. AUGUSTINE AREA,1082,36
1986,9,SUWANNEE AREA,111174,1369
1986,10,APALACHICOLA BAY AREA,71906,1050
1986,10,REST OF FL EAST,9097,85
1986,10,REST OF FL WEST,22189,395
1986,10,ST. AUGUSTINE AREA,100,5
1986,10,SUWANNEE AREA,88981,1104
1986,11,APALACHICOLA BAY AREA,113471,1300
1986,11,REST OF FL EAST,6475,103
1986,11,REST OF FL WEST,21891,376
1986,11,ST. AUGUSTINE AREA,255,9
1986,11,SUWANNEE AREA,58003,713
1986,12,APALACHICOLA BAY AREA,111587,1338
1986,12,REST OF FL EAST,4394,76
1986,12,REST OF FL WEST,39151,532
1986,12,ST. AUGUSTINE AREA,113,3
1986,12,SUWANNEE AREA,65522,803
1987,1,APALACHICOLA BAY AREA,180448,1978
1987,1,REST OF FL EAST,4781,112
1987,1,REST OF FL WEST,51738,740
1987,1,ST. AUGUSTINE AREA,3451,48
1987,1,SUWANNEE AREA,56705,753
1987,2,APALACHICOLA BAY AREA,200847,2289
1987,2,REST OF FL EAST,5696,118
1987,2,REST OF FL WEST,40672,617
1987,2,ST. AUGUSTINE AREA,3261,53
1987,2,SUWANNEE AREA,47386,689
1987,3,APALACHICOLA BAY AREA,239624,2721
1987,3,REST OF FL EAST,8779,194
1987,3,REST OF FL WEST,39375,521
1987,3,ST. AUGUSTINE AREA,1939,38
1987,3,SUWANNEE AREA,38533,579
1987,4,APALACHICOLA BAY AREA,450117,4650
1987,4,REST OF FL EAST,6629,141
1987,4,REST OF FL WEST,58942,756
1987,4,ST. AUGUSTINE AREA,1042,17
1987,4,SUWANNEE AREA,48317,670
1987,5,APALACHICOLA BAY AREA,376135,4643
1987,5,REST OF FL EAST,2218,65
1987,5,REST OF FL WEST,45791,638
1987,5,ST. AUGUSTINE AREA,1174,23
1987,5,SUWANNEE AREA,39220,496
1987,6,APALACHICOLA BAY AREA,214535,3339
1987,6,REST OF FL EAST,4618,7
1987,6,REST OF FL WEST,15663,266
1987,6,ST. AUGUSTINE AREA,440,14
1987,7,APALACHICOLA BAY AREA,348121,4426
1987,7,REST OF FL EAST,5296,19
1987,7,REST OF FL WEST,22326,298
1987,8,APALACHICOLA BAY AREA,111931,2376
1987,8,REST OF FL EAST,6455,22
1987,8,REST OF FL WEST,4915,111
1987,8,SUWANNEE AREA,66,1
1987,9,APALACHICOLA BAY AREA,75566,1849
1987,9,REST OF FL EAST,3563,49
1987,9,REST OF FL WEST,16038,357
1987,9,ST. AUGUSTINE AREA,3524,55
1987,9,SUWANNEE AREA,79106,1235
1987,10,APALACHICOLA BAY AREA,237086,3687
1987,10,REST OF FL EAST,9926,80
1987,10,REST OF FL WEST,25585,504
1987,10,ST. AUGUSTINE AREA,4102,61
1987,10,SUWANNEE AREA,84986,1113
1987,11,APALACHICOLA BAY AREA,158183,2749
1987,11,REST OF FL EAST,6451,46
1987,11,REST OF FL WEST,21644,452
1987,11,ST. AUGUSTINE AREA,4928,77
1987,11,SUWANNEE AREA,41780,671
1987,12,APALACHICOLA BAY AREA,217613,3638
1987,12,REST OF FL EAST,14748,147
1987,12,REST OF FL WEST,32945,626
1987,12,ST. AUGUSTINE AREA,6372,94
1987,12,SUWANNEE AREA,60426,919
1988,1,APALACHICOLA BAY AREA,184013,3396
1988,1,REST OF FL EAST,17179,215
1988,1,REST OF FL WEST,36922,784
1988,1,ST. AUGUSTINE AREA,6589,87
1988,1,SUWANNEE AREA,61001,901
1988,2,APALACHICOLA BAY AREA,160301,3051
1988,2,REST OF FL EAST,14200,215
1988,2,REST OF FL WEST,25091,554
1988,2,ST. AUGUSTINE AREA,6078,83
1988,2,SUWANNEE AREA,54753,862
1988,3,APALACHICOLA BAY AREA,233929,4783
1988,3,REST OF FL EAST,4822,100
1988,3,REST OF FL WEST,24555,451
1988,3,ST. AUGUSTINE AREA,6202,90
1988,3,SUWANNEE AREA,47966,840
1988,4,APALACHICOLA BAY AREA,141066,3366
1988,4,REST OF FL EAST,5596,133
1988,4,REST OF FL WEST,37015,707
1988,4,ST. AUGUSTINE AREA,5165,79
1988,4,SUWANNEE AREA,45475,688
1988,5,APALACHICOLA BAY AREA,125918,3563
1988,5,REST OF FL EAST,4192,70
1988,5,REST OF FL WEST,31653,682
1988,5,ST. AUGUSTINE AREA,4738,70
1988,5,SUWANNEE AREA,35863,527
1988,6,APALACHICOLA BAY AREA,80402,2718
1988,6,REST OF FL EAST,6256,45
1988,6,REST OF FL WEST,5407,192
1988,6,ST. AUGUSTINE AREA,1272,29
1988,7,APALACHICOLA BAY AREA,142605,2861
1988,7,REST OF FL EAST,738,19
1988,7,REST OF FL WEST,7980,171
1988,7,ST. AUGUSTINE AREA,1324,29
1988,8,APALACHICOLA BAY AREA,45446,1423
1988,8,REST OF FL EAST,2422,42
1988,8,REST OF FL WEST,4773,126
1988,8,ST. AUGUSTINE AREA,1529,38
1988,8,SUWANNEE AREA,107,2
1988,9,APALACHICOLA BAY AREA,30663,831
1988,9,REST OF FL EAST,1181,32
1988,9,REST OF FL WEST,6721,129
1988,9,ST. AUGUSTINE AREA,7890,92
1988,9,SUWANNEE AREA,57880,949
1988,10,APALACHICOLA BAY AREA,56735,1663
1988,10,REST OF FL EAST,7035,130
1988,10,REST OF FL WEST,18558,424
1988,10,ST. AUGUSTINE AREA,9247,129
1988,10,SUWANNEE AREA,75692,1141
1988,11,APALACHICOLA BAY AREA,38515,1318
1988,11,REST OF FL EAST,4269,84
1988,11,REST OF FL WEST,17465,413
1988,11,ST. AUGUSTINE AREA,13342,163
1988,11,SUWANNEE AREA,54532,884
1988,12,APALACHICOLA BAY AREA,53597,1716
1988,12,REST OF FL EAST,10021,156
1988,12,REST OF FL WEST,25898,603
1988,12,ST. AUGUSTINE AREA,10362,125
1988,12,SUWANNEE AREA,71960,1057
1989,1,APALACHICOLA BAY AREA,73195,2125
1989,1,REST OF FL EAST,8159,175
1989,1,REST OF FL WEST,27350,666
1989,1,ST. AUGUSTINE AREA,11950,117
1989,1,SUWANNEE AREA,66863,1012
1989,2,APALACHICOLA BAY AREA,58574,1819
1989,2,REST OF FL EAST,9798,214
1989,2,REST OF FL WEST,20792,458
1989,2,ST. AUGUSTINE AREA,11333,113
1989,2,SUWANNEE AREA,66038,925
1989,3,APALACHICOLA BAY AREA,87390,2157
1989,3,REST OF FL EAST,4243,105
1989,3,REST OF FL WEST,25155,437
1989,3,ST. AUGUSTINE AREA,14287,114
1989,3,SUWANNEE AREA,51292,793
1989,4,APALACHICOLA BAY AREA,75898,1955
1989,4,REST OF FL EAST,4749,101
1989,4,REST OF FL WEST,13997,319
1989,4,ST. AUGUSTINE AREA,11471,112
1989,4,SUWANNEE AREA,58114,888
1989,5,APALACHICOLA BAY AREA,80492,1853
1989,5,REST OF FL EAST,2788,49
1989,5,REST OF FL WEST,12645,274
1989,5,ST. AUGUSTINE AREA,7429,91
1989,5,SUWANNEE AREA,39198,609
1989,6,APALACHICOLA BAY AREA,39353,1138
1989,6,REST OF FL EAST,1601,25
1989,6,REST OF FL WEST,1299,42
1989,6,ST. AUGUSTINE AREA,2317,33
1989,7,APALACHICOLA BAY AREA,93636,1865
1989,7,REST OF FL EAST,866,13
1989,7,REST OF FL WEST,3123,76
1989,7,ST. AUGUSTINE AREA,1044,25
1989,7,SUWANNEE AREA,172,3
1989,8,APALACHICOLA BAY AREA,60740,1933
1989,8,REST OF FL EAST,210,4
1989,8,REST OF FL WEST,1109,39
1989,8,ST. AUGUSTINE AREA,1111,34
1989,9,APALACHICOLA BAY AREA,30318,989
1989,9,REST OF FL EAST,1792,37
1989,9,REST OF FL WEST,5605,122
1989,9,ST. AUGUSTINE AREA,10658,122
1989,9,SUWANNEE AREA,121273,2198
1989,10,APALACHICOLA BAY AREA,62585,2036
1989,10,REST OF FL EAST,4950,83
1989,10,REST OF FL WEST,8077,199
1989,10,ST. AUGUSTINE AREA,3360,52
1989,10,SUWANNEE AREA,119985,2064
1989,11,APALACHICOLA BAY AREA,64369,1915
1989,11,REST OF FL EAST,13325,225
1989,11,REST OF FL WEST,12726,251
1989,11,ST. AUGUSTINE AREA,10008,130
1989,11,SUWANNEE AREA,115823,1838
1989,12,APALACHICOLA BAY AREA,102544,1944
1989,12,REST OF FL EAST,12699,227
1989,12,REST OF FL WEST,8064,171
1989,12,ST. AUGUSTINE AREA,9949,121
1989,12,SUWANNEE AREA,89872,1148
1990,1,APALACHICOLA BAY AREA,143965,2535
1990,1,REST OF FL EAST,24367,393
1990,1,REST OF FL WEST,8950,160
1990,1,ST. AUGUSTINE AREA,13945,139
1990,1,SUWANNEE AREA,69492,1492
1990,2,APALACHICOLA BAY AREA,71034,1297
1990,2,REST OF FL EAST,14354,260
1990,2,REST OF FL WEST,6040,127
1990,2,ST. AUGUSTINE AREA,9923,118
1990,2,SUWANNEE AREA,36569,1019
1990,3,APALACHICOLA BAY AREA,77504,1199
1990,3,REST OF FL EAST,9242,187
1990,3,REST OF FL WEST,12016,179
1990,3,ST. AUGUSTINE AREA,13098,153
1990,3,SUWANNEE AREA,37405,955
1990,4,APALACHICOLA BAY AREA,141102,2264
1990,4,REST OF FL EAST,6965,139
1990,4,REST OF FL WEST,8188,128
1990,4,ST. AUGUSTINE AREA,13766,159
1990,4,SUWANNEE AREA,35226,827
1990,5,APALACHICOLA BAY AREA,151593,2429
1990,5,REST OF FL EAST,4501,109
1990,5,REST OF FL WEST,10847,166
1990,5,ST. AUGUSTINE AREA,6366,86
1990,5,SUWANNEE AREA,31536,566
1990,6,APALACHICOLA BAY AREA,147137,2412
1990,6,REST OF FL EAST,971,22
1990,6,REST OF FL WEST,6304,97
1990,6,ST. AUGUSTINE AREA,932,29
1990,7,APALACHICOLA BAY AREA,188294,2852
1990,7,REST OF FL EAST,413,7
1990,7,REST OF FL WEST,7612,108
1990,7,ST. AUGUSTINE AREA,860,14
1990,7,SUWANNEE AREA,126,2
1990,8,APALACHICOLA BAY AREA,123902,2433
1990,8,REST OF FL EAST,446,15
1990,8,REST OF FL WEST,1541,19
1990,8,ST. AUGUSTINE AREA,847,14
1990,8,SUWANNEE AREA,32,2
1990,9,APALACHICOLA BAY AREA,53581,1379
1990,9,REST OF FL EAST,6281,149
1990,9,REST OF FL WEST,12228,211
1990,9,ST. AUGUSTINE AREA,10858,146
1990,9,SUWANNEE AREA,58756,1427
1990,10,APALACHICOLA BAY AREA,149423,2960
1990,10,REST OF FL EAST,5459,122
1990,10,REST OF FL WEST,20095,368
1990,10,ST. AUGUSTINE AREA,12280,153
1990,10,SUWANNEE AREA,37940,1016
1990,11,APALACHICOLA BAY AREA,128766,2632
1990,11,REST OF FL EAST,8494,214
1990,11,REST OF FL WEST,28405,484
1990,11,ST. AUGUSTINE AREA,11996,190
1990,11,SUWANNEE AREA,32821,778
1990,12,APALACHICOLA BAY AREA,148383,2699
1990,12,REST OF FL EAST,6494,163
1990,12,REST OF FL WEST,39480,586
1990,12,ST. AUGUSTINE AREA,13453,178
1990,12,SUWANNEE AREA,27876,583
1991,1,APALACHICOLA BAY AREA,130133,2347
1991,1,REST OF FL EAST,5445,120
1991,1,REST OF FL WEST,38050,543
1991,1,ST. AUGUSTINE AREA,13794,180
1991,1,SUWANNEE AREA,20031,507
1991,2,APALACHICOLA BAY AREA,137815,2435
1991,2,REST OF FL EAST,3461,92
1991,2,REST OF FL WEST,35169,502
1991,2,ST. AUGUSTINE AREA,13326,168
1991,2,SUWANNEE AREA,38058,603
1991,3,APALACHICOLA BAY AREA,89505,1510
1991,3,REST OF FL EAST,3010,70
1991,3,REST OF FL WEST,23811,306
1991,3,ST. AUGUSTINE AREA,13840,197
1991,3,SUWANNEE AREA,18683,458
1991,4,APALACHICOLA BAY AREA,130039,2220
1991,4,REST OF FL EAST,1820,39
1991,4,REST OF FL WEST,39221,569
1991,4,ST. AUGUSTINE AREA,11672,174
1991,4,SUWANNEE AREA,10642,282
1991,5,APALACHICOLA BAY AREA,105472,1992
1991,5,REST OF FL EAST,1313,28
1991,5,REST OF FL WEST,27526,444
1991,5,ST. AUGUSTINE AREA,7034,115
1991,5,SUWANNEE AREA,6336,147
1991,6,APALACHICOLA BAY AREA,101510,2042
1991,6,REST OF FL EAST,440,9
1991,6,REST OF FL WEST,32284,534
1991,6,ST. AUGUSTINE AREA,1240,56
1991,6,SUWANNEE AREA,325,6
1991,7,APALACHICOLA BAY AREA,125765,2038
1991,7,REST OF FL EAST,341,8
1991,7,REST OF FL WEST,33974,477
1991,7,ST. AUGUSTINE AREA,560,18
1991,8,APALACHICOLA BAY AREA,87371,1726
1991,8,REST OF FL EAST,217,5
1991,8,REST OF FL WEST,18845,318
1991,8,ST. AUGUSTINE AREA,374,12
1991,9,APALACHICOLA BAY AREA,53436,1294
1991,9,REST OF FL EAST,164,4
1991,9,REST OF FL WEST,14488,341
1991,9,ST. AUGUSTINE AREA,524,13
1991,9,SUWANNEE AREA,18732,393
1991,10,APALACHICOLA BAY AREA,93245,2154
1991,10,REST OF FL EAST,1385,28
1991,10,REST OF FL WEST,33749,610
1991,10,ST. AUGUSTINE AREA,7523,203
1991,10,SUWANNEE AREA,17257,350
1991,11,APALACHICOLA BAY AREA,90467,1975
1991,11,REST OF FL EAST,11062,67
1991,11,REST OF FL WEST,28293,578
1991,11,ST. AUGUSTINE AREA,8840,191
1991,11,SUWANNEE AREA,12405,222
1991,12,APALACHICOLA BAY AREA,125364,2339
1991,12,REST OF FL EAST,9954,154
1991,12,REST OF FL WEST,43779,692
1991,12,ST. AUGUSTINE AREA,8038,145
1991,12,SUWANNEE AREA,10503,246
1992,1,APALACHICOLA BAY AREA,132442,2409
1992,1,REST OF FL EAST,10450,201
1992,1,REST OF FL WEST,34769,519
1992,1,ST. AUGUSTINE AREA,7916,156
1992,1,SUWANNEE AREA,9979,279
1992,2,APALACHICOLA BAY AREA,122940,1985
1992,2,REST OF FL EAST,5782,136
1992,2,REST OF FL WEST,28701,465
1992,2,ST. AUGUSTINE AREA,8721,167
1992,2,SUWANNEE AREA,9234,235
1992,3,APALACHICOLA BAY AREA,157724,2313
1992,3,REST OF FL EAST,1673,44
1992,3,REST OF FL WEST,56556,698
1992,3,ST. AUGUSTINE AREA,10010,200
1992,3,SUWANNEE AREA,7531,222
1992,4,APALACHICOLA BAY AREA,152168,2316
1992,4,REST OF FL EAST,1365,49
1992,4,REST OF FL WEST,58043,737
1992,4,ST. AUGUSTINE AREA,5577,107
1992,4,SUWANNEE AREA,3363,115
1992,5,APALACHICOLA BAY AREA,126862,1975
1992,5,REST OF FL EAST,1709,55
1992,5,REST OF FL WEST,54167,687
1992,5,ST. AUGUSTINE AREA,3084,78
1992,5,SUWANNEE AREA,1355,43
1992,6,APALACHICOLA BAY AREA,136715,2368
1992,6,REST OF FL EAST,39,1
1992,6,REST OF FL WEST,49084,715
1992,6,ST. AUGUSTINE AREA,1772,59
1992,7,APALACHICOLA BAY AREA,154081,2140
1992,7,REST OF FL WEST,45187,535
1992,7,ST. AUGUSTINE AREA,1345,24
1992,8,APALACHICOLA BAY AREA,112930,1750
1992,8,REST OF FL WEST,28783,387
1992,8,ST. AUGUSTINE AREA,2172,35
1992,9,APALACHICOLA BAY AREA,92358,1476
1992,9,REST OF FL EAST,692,3
1992,9,REST OF FL WEST,29928,434
1992,9,ST. AUGUSTINE AREA,1660,37
1992,9,SUWANNEE AREA,19296,327
1992,10,APALACHICOLA BAY AREA,241635,3032
1992,10,REST OF FL EAST,2373,41
1992,10,REST OF FL WEST,79930,959
1992,10,ST. AUGUSTINE AREA,10251,239
1992,10,SUWANNEE AREA,15190,275
1992,11,APALACHICOLA BAY AREA,225675,2873
1992,11,REST OF FL EAST,3452,59
1992,11,REST OF FL WEST,53616,596
1992,11,ST. AUGUSTINE AREA,9772,196
1992,11,SUWANNEE AREA,13389,220
1992,12,APALACHICOLA BAY AREA,209675,2612
1992,12,REST OF FL EAST,5204,81
1992,12,REST OF FL WEST,42846,481
1992,12,ST. AUGUSTINE AREA,15398,262
1992,12,SUWANNEE AREA,11576,216
1993,1,APALACHICOLA BAY AREA,129382,1656
1993,1,REST OF FL EAST,1719,38
1993,1,REST OF FL WEST,40699,438
1993,1,ST. AUGUSTINE AREA,8341,165
1993,1,SUWANNEE AREA,12800,247
1993,2,APALACHICOLA BAY AREA,169182,2041
1993,2,REST OF FL EAST,3682,71
1993,2,REST OF FL WEST,58111,543
1993,2,ST. AUGUSTINE AREA,8643,159
1993,2,SUWANNEE AREA,10990,187
1993,3,APALACHICOLA BAY AREA,180058,1959
1993,3,REST OF FL EAST,2278,45
1993,3,REST OF FL WEST,56828,508
1993,3,ST. AUGUSTINE AREA,10350,201
1993,3,SUWANNEE AREA,5416,81
1993,4,APALACHICOLA BAY AREA,153569,1980
1993,4,REST OF FL EAST,871,21
1993,4,REST OF FL WEST,36596,365
1993,4,ST. AUGUSTINE AREA,8315,169
1993,4,SUWANNEE AREA,4545,64
1993,5,APALACHICOLA BAY AREA,166526,2153
1993,5,REST OF FL EAST,1052,26
1993,5,REST OF FL WEST,32293,284
1993,5,ST. AUGUSTINE AREA,4435,99
1993,5,SUWANNEE AREA,1763,22
1993,6,APALACHICOLA BAY AREA,160657,2166
1993,6,REST OF FL EAST,742,16
1993,6,REST OF FL WEST,51752,506
1993,6,ST. AUGUSTINE AREA,7941,127
1993,7,APALACHICOLA BAY AREA,138798,1925
1993,7,REST OF FL WEST,44233,432
1993,7,ST. AUGUSTINE AREA,492,12
1993,7,SUWANNEE AREA,39,1
1993,8,APALACHICOLA BAY AREA,109193,1544
1993,8,REST OF FL EAST,39,1
1993,8,REST OF FL WEST,22182,242
1993,8,ST. AUGUSTINE AREA,564,15
1993,9,APALACHICOLA BAY AREA,83743,1303
1993,9,REST OF FL EAST,66,2
1993,9,REST OF FL WEST,31437,415
1993,9,ST. AUGUSTINE AREA,505,14
1993,9,SUWANNEE AREA,4980,82
1993,10,APALACHICOLA BAY AREA,208879,2466
1993,10,REST OF FL EAST,1372,16
1993,10,REST OF FL WEST,75399,776
1993,10,ST. AUGUSTINE AREA,5418,119
1993,10,SUWANNEE AREA,9034,144
1993,11,APALACHICOLA BAY AREA,271097,2978
1993,11,REST OF FL EAST,2836,33
1993,11,REST OF FL WEST,74917,696
1993,11,ST. AUGUSTINE AREA,7170,124
1993,11,SUWANNEE AREA,9473,147
1993,12,APALACHICOLA BAY AREA,251571,2702
1993,12,REST OF FL EAST,2205,39
1993,12,REST OF FL WEST,83788,728
1993,12,ST. AUGUSTINE AREA,9777,140
1993,12,SUWANNEE AREA,9850,200
1994,1,APALACHICOLA BAY AREA,232722,2531
1994,1,REST OF FL EAST,640,16
1994,1,REST OF FL WEST,73024,619
1994,1,ST. AUGUSTINE AREA,9496,139
1994,1,SUWANNEE AREA,8835,178
1994,2,APALACHICOLA BAY AREA,208652,2151
1994,2,REST OF FL EAST,2762,49
1994,2,REST OF FL WEST,60825,495
1994,2,ST. AUGUSTINE AREA,6905,133
1994,2,SUWANNEE AREA,8827,175
1994,3,APALACHICOLA BAY AREA,201347,2323
1994,3,REST OF FL EAST,2065,46
1994,3,REST OF FL WEST,70440,658
1994,3,ST. AUGUSTINE AREA,8140,149
1994,3,SUWANNEE AREA,9740,175
1994,4,APALACHICOLA BAY AREA,185255,2241
1994,4,REST OF FL EAST,1387,27
1994,4,REST OF FL WEST,83394,778
1994,4,ST. AUGUSTINE AREA,8302,153
1994,4,SUWANNEE AREA,7374,135
1994,5,APALACHICOLA BAY AREA,195790,2415
1994,5,REST OF FL EAST,683,20
1994,5,REST OF FL WEST,41385,339
1994,5,ST. AUGUSTINE AREA,3944,82
1994,5,SUWANNEE AREA,3697,70
1994,6,APALACHICOLA BAY AREA,165745,2276
1994,6,REST OF FL EAST,761,17
1994,6,REST OF FL WEST,44722,491
1994,6,ST. AUGUSTINE AREA,2632,60
1994,7,APALACHICOLA BAY AREA,32693,305
1994,7,REST OF FL EAST,112,2
1994,7,REST OF FL WEST,3418,42
1994,7,ST. AUGUSTINE AREA,512,15
1994,8,APALACHICOLA BAY AREA,3041,28
1994,8,ST. AUGUSTINE AREA,273,11
1994,9,APALACHICOLA BAY AREA,13172,99
1994,9,REST OF FL EAST,66,1
1994,9,ST. AUGUSTINE AREA,1608,44
1994,9,SUWANNEE AREA,13176,176
1994,10,APALACHICOLA BAY AREA,12067,79
1994,10,REST OF FL EAST,1227,29
1994,10,REST OF FL WEST,642,5
1994,10,ST. AUGUSTINE AREA,6169,187
1994,10,SUWANNEE AREA,14823,236
1994,11,APALACHICOLA BAY AREA,77421,1067
1994,11,REST OF FL EAST,2144,31
1994,11,REST OF FL WEST,13322,170
1994,11,ST. AUGUSTINE AREA,5637,119
1994,11,SUWANNEE AREA,18164,265
1994,12,APALACHICOLA BAY AREA,152621,1868
1994,12,REST OF FL EAST,26025,47
1994,12,REST OF FL WEST,35239,369
1994,12,ST. AUGUSTINE AREA,8681,169
1994,12,SUWANNEE AREA,18375,246
1995,1,APALACHICOLA BAY AREA,97166,1269
1995,1,REST OF FL EAST,1296,26
1995,1,REST OF FL WEST,21835,237
1995,1,ST. AUGUSTINE AREA,8097,130
1995,1,SUWANNEE AREA,10442,185
1995,2,APALACHICOLA BAY AREA,118881,1506
1995,2,REST OF FL EAST,3117,46
1995,2,REST OF FL WEST,27790,315
1995,2,ST. AUGUSTINE AREA,6747,113
1995,2,SUWANNEE AREA,7058,130
1995,3,APALACHICOLA BAY AREA,123640,1539
1995,3,REST OF FL EAST,5147,75
1995,3,REST OF FL WEST,41279,438
1995,3,ST. AUGUSTINE AREA,3875,91
1995,3,SUWANNEE AREA,10792,162
1995,4,APALACHICOLA BAY AREA,105792,1326
1995,4,REST OF FL EAST,1507,36
1995,4,REST OF FL WEST,34796,327
1995,4,ST. AUGUSTINE AREA,2625,61
1995,4,SUWANNEE AREA,7202,95
1995,5,APALACHICOLA BAY AREA,121301,1708
1995,5,REST OF FL EAST,295,8
1995,5,REST OF FL WEST,33505,351
1995,5,ST. AUGUSTINE AREA,3189,53
1995,6,APALACHICOLA BAY AREA,81390,1151
1995,6,REST OF FL EAST,242,5
1995,6,REST OF FL WEST,29270,293
1995,6,ST. AUGUSTINE AREA,3176,47
1995,7,APALACHICOLA BAY AREA,60676,777
1995,7,REST OF FL WEST,23038,288
1995,7,ST. AUGUSTINE AREA,761,20
1995,8,APALACHICOLA BAY AREA,24247,292
1995,8,REST OF FL WEST,5423,91
1995,8,ST. AUGUSTINE AREA,520,12
1995,9,APALACHICOLA BAY AREA,191,1
1995,9,REST OF FL WEST,5637,49
1995,9,ST. AUGUSTINE AREA,243,11
1995,9,SUWANNEE AREA,11713,169
1995,10,APALACHICOLA BAY AREA,65079,752
1995,10,REST OF FL EAST,804,11
1995,10,REST OF FL WEST,22746,212
1995,10,ST. AUGUSTINE AREA,4657,109
1995,10,SUWANNEE AREA,4041,83
1995,11,APALACHICOLA BAY AREA,130846,1379
1995,11,REST OF FL EAST,3110,48
1995,11,REST OF FL WEST,53130,523
1995,11,ST. AUGUSTINE AREA,3655,84
1995,11,SUWANNEE AREA,4967,105
1995,12,APALACHICOLA BAY AREA,104108,1132
1995,12,REST OF FL EAST,532,13
1995,12,REST OF FL WEST,62032,577
1995,12,ST. AUGUSTINE AREA,4850,84
1995,12,SUWANNEE AREA,4092,90
1996,1,APALACHICOLA BAY AREA,154644,1662
1996,1,REST OF FL EAST,696,14
1996,1,REST OF FL WEST,56537,508
1996,1,ST. AUGUSTINE AREA,3668,77
1996,1,SUWANNEE AREA,7737,156
1996,2,APALACHICOLA BAY AREA,88493,1054
1996,2,REST OF FL EAST,3263,73
1996,2,REST OF FL WEST,23341,201
1996,2,ST. AUGUSTINE AREA,1914,52
1996,2,SUWANNEE AREA,11128,171
1996,3,APALACHICOLA BAY AREA,81517,986
1996,3,REST OF FL EAST,3196,78
1996,3,REST OF FL WEST,23123,249
1996,3,ST. AUGUSTINE AREA,272,34
1996,3,SUWANNEE AREA,4284,62
1996,4,APALACHICOLA BAY AREA,91659,1033
1996,4,REST OF FL EAST,1512,40
1996,4,REST OF FL WEST,23219,220
1996,4,ST. AUGUSTINE AREA,1046,26
1996,4,SUWANNEE AREA,2989,37
1996,5,APALACHICOLA BAY AREA,93654,1077
1996,5,REST OF FL EAST,368,17
1996,5,REST OF FL WEST,21002,206
1996,5,ST. AUGUSTINE AREA,459,10
1996,5,SUWANNEE AREA,502,7
1996,6,APALACHICOLA BAY AREA,14174,112
1996,6,REST OF FL EAST,72,3
1996,6,REST OF FL WEST,5779,51
1996,6,ST. AUGUSTINE AREA,584,14
1996,7,APALACHICOLA BAY AREA,28421,365
1996,7,REST OF FL WEST,16020,179
1996,7,ST. AUGUSTINE AREA,610,15
1996,8,APALACHICOLA BAY AREA,31790,405
1996,8,REST OF FL WEST,17257,175
1996,8,ST. AUGUSTINE AREA,322,14
1996,9,APALACHICOLA BAY AREA,33785,435
1996,9,REST OF FL EAST,66,1
1996,9,REST OF FL WEST,19930,230
1996,9,ST. AUGUSTINE AREA,63,2
1996,9,SUWANNEE AREA,6231,91
1996,10,APALACHICOLA BAY AREA,92145,1026
1996,10,REST OF FL EAST,1857,39
1996,10,REST OF FL WEST,40618,438
1996,10,ST. AUGUSTINE AREA,2048,50
1996,10,SUWANNEE AREA,9710,125
1996,11,APALACHICOLA BAY AREA,111858,1109
1996,11,REST OF FL EAST,2601,49
1996,11,REST OF FL WEST,45999,407
1996,11,ST. AUGUSTINE AREA,4129,88
1996,11,SUWANNEE AREA,14283,208
1996,12,APALACHICOLA BAY AREA,158411,1275
1996,12,REST OF FL EAST,2904,60
1996,12,REST OF FL WEST,62861,571
1996,12,ST. AUGUSTINE AREA,6099,109
1996,12,SUWANNEE AREA,16570,239
1997,1,APALACHICOLA BAY AREA,127225,1343
1997,1,REST OF FL EAST,3584,78
1997,1,REST OF FL WEST,51060,486
1997,1,ST. AUGUSTINE AREA,4549,90
1997,1,SUWANNEE AREA,17697,266
1997,2,APALACHICOLA BAY AREA,97924,1140
1997,2,REST OF FL EAST,3940,78
1997,2,REST OF FL WEST,32433,314
1997,2,ST. AUGUSTINE AREA,4867,83
1997,2,SUWANNEE AREA,20582,302
1997,3,APALACHICOLA BAY AREA,104578,1212
1997,3,REST OF FL EAST,2582,56
1997,3,REST OF FL WEST,28519,311
1997,3,ST. AUGUSTINE AREA,3819,67
1997,3,SUWANNEE AREA,13700,204
1997,4,APALACHICOLA BAY AREA,121346,1314
1997,4,REST OF FL EAST,984,27
1997,4,REST OF FL WEST,33037,325
1997,4,ST. AUGUSTINE AREA,1677,34
1997,4,SUWANNEE AREA,12101,176
1997,5,APALACHICOLA BAY AREA,85479,960
1997,5,REST OF FL EAST,195,10
1997,5,REST OF FL WEST,23883,230
1997,5,ST. AUGUSTINE AREA,998,21
1997,5,SUWANNEE AREA,3551,54
1997,6,APALACHICOLA BAY AREA,114831,1206
1997,6,REST OF FL EAST,79,1
1997,6,REST OF FL WEST,24679,235
1997,6,ST. AUGUSTINE AREA,207,4
1997,7,APALACHICOLA BAY AREA,122066,1265
1997,7,REST OF FL WEST,31679,300
1997,8,APALACHICOLA BAY AREA,84566,1019
1997,8,REST OF FL WEST,26159,262
1997,8,SUWANNEE AREA,73,1
1997,9,APALACHICOLA BAY AREA,61110,785
1997,9,REST OF FL WEST,22722,249
1997,9,ST. AUGUSTINE AREA,190,3
1997,9,SUWANNEE AREA,3826,68
1997,10,APALACHICOLA BAY AREA,195411,2054
1997,10,REST OF FL EAST,315,9
1997,10,REST OF FL WEST,42276,447
1997,10,ST. AUGUSTINE AREA,1922,45
1997,10,SUWANNEE AREA,6641,110
1997,11,APALACHICOLA BAY AREA,182513,1911
1997,11,REST OF FL EAST,1746,44
1997,11,REST OF FL WEST,25461,249
1997,11,ST. AUGUSTINE AREA,2196,42
1997,11,SUWANNEE AREA,4068,71
1997,12,APALACHICOLA BAY AREA,123883,1356
1997,12,REST OF FL EAST,1643,48
1997,12,REST OF FL WEST,11118,127
1997,12,ST. AUGUSTINE AREA,1957,41
1997,12,SUWANNEE AREA,5296,84
1998,1,APALACHICOLA BAY AREA,101050,1278
1998,1,REST OF FL EAST,2087,63
1998,1,REST OF FL WEST,1993,21
1998,1,ST. AUGUSTINE AREA,3331,65
1998,1,SUWANNEE AREA,8816,159
1998,2,APALACHICOLA BAY AREA,47305,639
1998,2,REST OF FL EAST,1139,30
1998,2,REST OF FL WEST,1793,22
1998,2,ST. AUGUSTINE AREA,2704,52
1998,2,SUWANNEE AREA,3377,66
1998,3,APALACHICOLA BAY AREA,68909,974
1998,3,REST OF FL EAST,2205,52
1998,3,REST OF FL WEST,2020,28
1998,3,ST. AUGUSTINE AREA,3184,61
1998,3,SUWANNEE AREA,3706,68
1998,4,APALACHICOLA BAY AREA,105085,1186
1998,4,REST OF FL EAST,1273,39
1998,4,REST OF FL WEST,5188,68
1998,4,ST. AUGUSTINE AREA,2741,56
1998,4,SUWANNEE AREA,5111,93
1998,5,APALACHICOLA BAY AREA,117711,1404
1998,5,REST OF FL EAST,728,19
1998,5,REST OF FL WEST,5694,72
1998,5,ST. AUGUSTINE AREA,1361,39
1998,5,SUWANNEE AREA,2650,49
1998,6,APALACHICOLA BAY AREA,115790,1367
1998,6,REST OF FL EAST,453,14
1998,6,REST OF FL WEST,5946,65
1998,6,ST. AUGUSTINE AREA,2015,55
1998,7,APALACHICOLA BAY AREA,136041,1529
1998,7,REST OF FL WEST,4764,34
1998,7,ST. AUGUSTINE AREA,486,14
1998,8,APALACHICOLA BAY AREA,123625,1379
1998,8,REST OF FL WEST,932,11
1998,8,ST. AUGUSTINE AREA,433,15
1998,9,APALACHICOLA BAY AREA,49938,590
1998,9,REST OF FL WEST,1418,21
1998,9,ST. AUGUSTINE AREA,368,13
1998,9,SUWANNEE AREA,5774,78
1998,10,APALACHICOLA BAY AREA,138967,1678
1998,10,REST OF FL EAST,1240,33
1998,10,REST OF FL WEST,6639,90
1998,10,ST. AUGUSTINE AREA,3189,62
1998,10,SUWANNEE AREA,10110,130
1998,11,APALACHICOLA BAY AREA,180830,1938
1998,11,REST OF FL EAST,1371,45
1998,11,REST OF FL WEST,4700,48
1998,11,ST. AUGUSTINE AREA,3767,77
1998,11,SUWANNEE AREA,11526,156
1998,12,APALACHICOLA BAY AREA,198324,2171
1998,12,REST OF FL EAST,1838,56
1998,12,REST OF FL WEST,3632,40
1998,12,ST. AUGUSTINE AREA,4863,94
1998,12,SUWANNEE AREA,12652,163
1999,1,APALACHICOLA BAY AREA,200592,2067
1999,1,REST OF FL EAST,1870,51
1999,1,REST OF FL WEST,3601,38
1999,1,ST. AUGUSTINE AREA,6170,116
1999,1,SUWANNEE AREA,11445,155
1999,2,APALACHICOLA BAY AREA,197050,2132
1999,2,REST OF FL EAST,545,19
1999,2,REST OF FL WEST,1529,25
1999,2,ST. AUGUSTINE AREA,4692,102
1999,2,SUWANNEE AREA,11943,147
1999,3,APALACHICOLA BAY AREA,195668,2086
1999,3,REST OF FL EAST,1463,44
1999,3,REST OF FL WEST,1056,17
1999,3,ST. AUGUSTINE AREA,3964,84
1999,3,SUWANNEE AREA,10942,137
1999,4,APALACHICOLA BAY AREA,175948,1926
1999,4,REST OF FL EAST,958,34
1999,4,REST OF FL WEST,3566,40
1999,4,ST. AUGUSTINE AREA,2297,57
1999,4,SUWANNEE AREA,10148,115
1999,5,APALACHICOLA BAY AREA,146112,1787
1999,5,REST OF FL EAST,459,12
1999,5,REST OF FL WEST,2104,29
1999,5,ST. AUGUSTINE AREA,1778,44
1999,5,SUWANNEE AREA,4753,64
1999,6,APALACHICOLA BAY AREA,164061,1981
1999,6,REST OF FL EAST,158,6
1999,6,REST OF FL WEST,1930,20
1999,6,ST. AUGUSTINE AREA,1142,36
1999,7,APALACHICOLA BAY AREA,138190,1709
1999,7,REST OF FL WEST,243,2
1999,7,ST. AUGUSTINE AREA,597,20
1999,8,APALACHICOLA BAY AREA,122707,1598
1999,8,ST. AUGUSTINE AREA,328,10
1999,9,APALACHICOLA BAY AREA,147724,1883
1999,9,REST OF FL WEST,1778,18
1999,9,ST. AUGUSTINE AREA,236,7
1999,9,SUWANNEE AREA,25038,300
1999,10,APALACHICOLA BAY AREA,221598,2744
1999,10,REST OF FL EAST,938,21
1999,10,REST OF FL WEST,5143,61
1999,10,ST. AUGUSTINE AREA,2389,39
1999,10,SUWANNEE AREA,21050,278
1999,11,APALACHICOLA BAY AREA,203194,2427
1999,11,REST OF FL EAST,1135,31
1999,11,REST OF FL WEST,6241,60
1999,11,ST. AUGUSTINE AREA,2924,57
1999,11,SUWANNEE AREA,20604,269
1999,12,APALACHICOLA BAY AREA,209783,2503
1999,12,REST OF FL EAST,1483,37
1999,12,REST OF FL WEST,4931,54
1999,12,ST. AUGUSTINE AREA,4705,76
1999,12,SUWANNEE AREA,20819,275
2000,1,APALACHICOLA BAY AREA,126226,1563
2000,1,REST OF FL EAST,2776,41
2000,1,REST OF FL WEST,4441,48
2000,1,ST. AUGUSTINE AREA,5801,114
2000,1,SUWANNEE AREA,17199,282
2000,2,APALACHICOLA BAY AREA,154378,1816
2000,2,REST OF FL EAST,1937,39
2000,2,REST OF FL WEST,4402,36
2000,2,ST. AUGUSTINE AREA,5847,103
2000,2,SUWANNEE AREA,16729,257
2000,3,APALACHICOLA BAY AREA,170829,2054
2000,3,REST OF FL EAST,1582,41
2000,3,REST OF FL WEST,6117,33
2000,3,ST. AUGUSTINE AREA,4197,81
2000,3,SUWANNEE AREA,15584,235
2000,4,APALACHICOLA BAY AREA,132170,1623
2000,4,REST OF FL EAST,971,24
2000,4,REST OF FL WEST,6764,45
2000,4,ST. AUGUSTINE AREA,4061,76
2000,4,SUWANNEE AREA,11801,151
2000,5,APALACHICOLA BAY AREA,163912,1976
2000,5,REST OF FL EAST,322,10
2000,5,REST OF FL WEST,4538,21
2000,5,ST. AUGUSTINE AREA,2727,61
2000,5,SUWANNEE AREA,7344,95
2000,6,APALACHICOLA BAY AREA,157548,1806
2000,6,REST OF FL EAST,571,6
2000,6,REST OF FL WEST,3919,27
2000,6,ST. AUGUSTINE AREA,2891,62
2000,7,APALACHICOLA BAY AREA,196126,2058
2000,7,REST OF FL WEST,1251,9
2000,7,ST. AUGUSTINE AREA,512,19
2000,7,SUWANNEE AREA,20,1
2000,8,APALACHICOLA BAY AREA,238398,2630
2000,8,REST OF FL WEST,2594,22
2000,8,ST. AUGUSTINE AREA,551,21
2000,9,APALACHICOLA BAY AREA,117317,1347
2000,9,REST OF FL WEST,1581,11
2000,9,ST. AUGUSTINE AREA,394,11
2000,9,SUWANNEE AREA,16151,265
2000,10,APALACHICOLA BAY AREA,351886,3386
2000,10,REST OF FL EAST,1418,29
2000,10,REST OF FL WEST,12110,120
2000,10,ST. AUGUSTINE AREA,2937,59
2000,10,SUWANNEE AREA,17085,282
2000,11,APALACHICOLA BAY AREA,256402,2663
2000,11,REST OF FL EAST,1936,30
2000,11,REST OF FL WEST,6372,52
2000,11,ST. AUGUSTINE AREA,4551,107
2000,11,SUWANNEE AREA,11258,194
2000,12,APALACHICOLA BAY AREA,265472,2661
2000,12,REST OF FL EAST,131,4
2000,12,REST OF FL WEST,11668,94
2000,12,ST. AUGUSTINE AREA,5565,99
2000,12,SUWANNEE AREA,8966,146
2001,1,APALACHICOLA BAY AREA,294749,2997
2001,1,REST OF FL EAST,858,23
2001,1,REST OF FL WEST,14122,118
2001,1,ST. AUGUSTINE AREA,5795,104
2001,1,SUWANNEE AREA,8105,153
2001,2,APALACHICOLA BAY AREA,312241,3091
2001,2,REST OF FL EAST,1391,35
2001,2,REST OF FL WEST,9132,86
2001,2,ST. AUGUSTINE AREA,4326,92
2001,2,SUWANNEE AREA,10941,187
2001,3,APALACHICOLA BAY AREA,244450,2432
2001,3,REST OF FL EAST,663,17
2001,3,REST OF FL WEST,5341,51
2001,3,ST. AUGUSTINE AREA,2632,63
2001,3,SUWANNEE AREA,5466,97
2001,4,APALACHICOLA BAY AREA,260502,2690
2001,4,REST OF FL EAST,637,15
2001,4,REST OF FL WEST,7441,81
2001,4,ST. AUGUSTINE AREA,2955,60
2001,4,SUWANNEE AREA,7706,130
2001,5,APALACHICOLA BAY AREA,242551,2694
2001,5,REST OF FL EAST,230,6
2001,5,REST OF FL WEST,5639,59
2001,5,ST. AUGUSTINE AREA,1418,37
2001,5,SUWANNEE AREA,3963,59
2001,6,APALACHICOLA BAY AREA,179482,2065
2001,6,REST OF FL EAST,72,2
2001,6,REST OF FL WEST,4644,41
2001,6,ST. AUGUSTINE AREA,1253,30
2001,7,APALACHICOLA BAY AREA,215815,2279
2001,7,REST OF FL WEST,3121,19
2001,7,ST. AUGUSTINE AREA,699,14
2001,8,APALACHICOLA BAY AREA,134272,1546
2001,8,REST OF FL WEST,1509,9
2001,8,ST. AUGUSTINE AREA,627,11
2001,9,APALACHICOLA BAY AREA,133874,1719
2001,9,REST OF FL WEST,2888,30
2001,9,ST. AUGUSTINE AREA,282,7
2001,9,SUWANNEE AREA,7445,96
2001,10,APALACHICOLA BAY AREA,114887,1441
2001,10,REST OF FL EAST,788,15
2001,10,REST OF FL WEST,15430,153
2001,10,ST. AUGUSTINE AREA,2874,68
2001,10,SUWANNEE AREA,14417,189
2001,11,APALACHICOLA BAY AREA,42604,515
2001,11,REST OF FL EAST,866,15
2001,11,REST OF FL WEST,41402,384
2001,11,ST. AUGUSTINE AREA,2103,47
2001,11,SUWANNEE AREA,12105,191
2001,12,APALACHICOLA BAY AREA,160176,1836
2001,12,REST OF FL EAST,1687,29
2001,12,REST OF FL WEST,21709,226
2001,12,ST. AUGUSTINE AREA,4576,95
2001,12,SUWANNEE AREA,7859,118
2002,1,APALACHICOLA BAY AREA,200678,2280
2002,1,REST OF FL EAST,1481,33
2002,1,REST OF FL WEST,13939,145
2002,1,ST. AUGUSTINE AREA,4597,73
2002,1,SUWANNEE AREA,10463,175
2002,2,APALACHICOLA BAY AREA,179840,2145
2002,2,REST OF FL EAST,2224,57
2002,2,REST OF FL WEST,10310,98
2002,2,ST. AUGUSTINE AREA,2179,52
2002,2,SUWANNEE AREA,9157,156
2002,3,APALACHICOLA BAY AREA,176101,2067
2002,3,REST OF FL EAST,502,16
2002,3,REST OF FL WEST,9195,88
2002,3,ST. AUGUSTINE AREA,3885,103
2002,3,SUWANNEE AREA,8381,153
2002,4,APALACHICOLA BAY AREA,158747,1826
2002,4,REST OF FL EAST,79,1
2002,4,REST OF FL WEST,7469,56
2002,4,ST. AUGUSTINE AREA,3265,92
2002,4,SUWANNEE AREA,7186,113
2002,5,APALACHICOLA BAY AREA,112763,1373
2002,5,REST OF FL EAST,256,7
2002,5,REST OF FL WEST,4977,47
2002,5,ST. AUGUSTINE AREA,1264,36
2002,5,SUWANNEE AREA,2543,41
2002,6,APALACHICOLA BAY AREA,121791,1463
2002,6,REST OF FL EAST,151,3
2002,6,REST OF FL WEST,4131,40
2002,6,ST. AUGUSTINE AREA,1034,34
2002,7,APALACHICOLA BAY AREA,130367,1634
2002,7,REST OF FL WEST,2856,25
2002,7,ST. AUGUSTINE AREA,377,10
2002,8,APALACHICOLA BAY AREA,88548,1147
2002,8,REST OF FL WEST,2306,22
2002,8,ST. AUGUSTINE AREA,417,16
2002,9,APALACHICOLA BAY AREA,72918,981
2002,9,REST OF FL WEST,1853,27
2002,9,ST. AUGUSTINE AREA,617,21
2002,9,SUWANNEE AREA,12142,154
2002,10,APALACHICOLA BAY AREA,166644,1836
2002,10,REST OF FL EAST,1057,20
2002,10,REST OF FL WEST,7686,88
2002,10,ST. AUGUSTINE AREA,2973,71
2002,10,SUWANNEE AREA,18106,228
2002,11,APALACHICOLA BAY AREA,149143,1665
2002,11,REST OF FL EAST,1030,19
2002,11,REST OF FL WEST,8268,52
2002,11,ST. AUGUSTINE AREA,3947,88
2002,11,SUWANNEE AREA,11776,178
2002,12,APALACHICOLA BAY AREA,170179,1912
2002,12,REST OF FL EAST,1470,30
2002,12,REST OF FL WEST,8455,41
2002,12,ST. AUGUSTINE AREA,4180,87
2002,12,SUWANNEE AREA,9537,156
2003,1,APALACHICOLA BAY AREA,208461,2279
2003,1,REST OF FL EAST,2130,54
2003,1,REST OF FL WEST,12330,89
2003,1,ST. AUGUSTINE AREA,3810,86
2003,1,SUWANNEE AREA,14440,241
2003,2,APALACHICOLA BAY AREA,187897,2266
2003,2,REST OF FL EAST,1490,40
2003,2,REST OF FL WEST,9212,76
2003,2,ST. AUGUSTINE AREA,3964,84
2003,2,SUWANNEE AREA,9427,156
2003,3,APALACHICOLA BAY AREA,161032,1932
2003,3,REST OF FL EAST,998,26
2003,3,REST OF FL WEST,6830,39
2003,3,ST. AUGUSTINE AREA,2517,60
2003,3,SUWANNEE AREA,9704,185
2003,4,APALACHICOLA BAY AREA,144587,1872
2003,4,REST OF FL EAST,879,22
2003,4,REST OF FL WEST,5433,50
2003,4,ST. AUGUSTINE AREA,2766,67
2003,4,SUWANNEE AREA,4740,69
2003,5,APALACHICOLA BAY AREA,110653,1481
2003,5,REST OF FL EAST,276,8
2003,5,REST OF FL WEST,4161,38
2003,5,ST. AUGUSTINE AREA,1467,40
2003,5,SUWANNEE AREA,1889,31
2003,6,APALACHICOLA BAY AREA,98960,1278
2003,6,REST OF FL WEST,2070,20
2003,6,ST. AUGUSTINE AREA,1332,30
2003,7,APALACHICOLA BAY AREA,91070,1291
2003,7,REST OF FL EAST,79,2
2003,7,REST OF FL WEST,663,6
2003,7,ST. AUGUSTINE AREA,1043,30
2003,8,APALACHICOLA BAY AREA,60256,978
2003,8,REST OF FL WEST,5826,84
2003,8,ST. AUGUSTINE AREA,735,24
2003,9,APALACHICOLA BAY AREA,51941,746
2003,9,REST OF FL WEST,14602,214
2003,9,ST. AUGUSTINE AREA,748,29
2003,9,SUWANNEE AREA,13926,198
2003,10,APALACHICOLA BAY AREA,124780,1690
2003,10,REST OF FL EAST,886,22
2003,10,REST OF FL WEST,37091,371
2003,10,ST. AUGUSTINE AREA,2989,79
2003,10,SUWANNEE AREA,10089,152
2003,11,APALACHICOLA BAY AREA,86339,1183
2003,11,REST OF FL EAST,971,19
2003,11,REST OF FL WEST,29415,314
2003,11,ST. AUGUSTINE AREA,3335,80
2003,11,SUWANNEE AREA,5303,98
2003,12,APALACHICOLA BAY AREA,125540,1527
2003,12,REST OF FL EAST,2054,53
2003,12,REST OF FL WEST,38453,418
2003,12,ST. AUGUSTINE AREA,5316,120
2003,12,SUWANNEE AREA,7765,136
2004,1,APALACHICOLA BAY AREA,120552,1580
2004,1,REST OF FL EAST,1897,51
2004,1,REST OF FL WEST,33006,351
2004,1,ST. AUGUSTINE AREA,5010,102
2004,1,SUWANNEE AREA,6429,126
2004,2,APALACHICOLA BAY AREA,110470,1419
2004,2,REST OF FL EAST,1490,42
2004,2,REST OF FL WEST,21253,202
2004,2,ST. AUGUSTINE AREA,3229,78
2004,2,SUWANNEE AREA,5663,107
2004,3,APALACHICOLA BAY AREA,156368,1985
2004,3,REST OF FL EAST,1601,38
2004,3,REST OF FL WEST,4911,28
2004,3,ST. AUGUSTINE AREA,3665,87
2004,3,SUWANNEE AREA,5065,92
2004,4,APALACHICOLA BAY AREA,119148,1520
2004,4,REST OF FL EAST,1037,25
2004,4,REST OF FL WEST,3805,25
2004,4,ST. AUGUSTINE AREA,3590,75
2004,4,SUWANNEE AREA,4400,80
2004,5,APALACHICOLA BAY AREA,119199,1462
2004,5,REST OF FL EAST,125,4
2004,5,REST OF FL WEST,1597,14
2004,5,ST. AUGUSTINE AREA,1908,57
2004,5,SUWANNEE AREA,1922,41
2004,6,APALACHICOLA BAY AREA,106456,1321
2004,6,REST OF FL EAST,26,2
2004,6,REST OF FL WEST,2275,17
2004,6,ST. AUGUSTINE AREA,1805,56
2004,6,SUWANNEE AREA,24,1
2004,7,APALACHICOLA BAY AREA,135538,1430
2004,7,REST OF FL WEST,1191,4
2004,7,ST. AUGUSTINE AREA,922,31
2004,8,APALACHICOLA BAY AREA,66200,918
2004,8,ST. AUGUSTINE AREA,594,23
2004,9,APALACHICOLA BAY AREA,28891,372
2004,9,REST OF FL WEST,606,12
2004,9,ST. AUGUSTINE AREA,814,14
2004,9,SUWANNEE AREA,4844,73
2004,10,APALACHICOLA BAY AREA,159686,1712
2004,10,REST OF FL WEST,879,12
2004,10,ST. AUGUSTINE AREA,3116,88
2004,10,SUWANNEE AREA,8641,98
2004,11,APALACHICOLA BAY AREA,186459,2037
2004,11,REST OF FL WEST,315,4
2004,11,ST. AUGUSTINE AREA,4390,109
2004,11,SUWANNEE AREA,8078,119
2004,12,APALACHICOLA BAY AREA,195533,1970
2004,12,REST OF FL WEST,663,9
2004,12,ST. AUGUSTINE AREA,5716,114
2004,12,SUWANNEE AREA,9533,135
2005,1,APALACHICOLA BAY AREA,181838,1734
2005,1,REST OF FL EAST,148,3
2005,1,REST OF FL WEST,1230,19
2005,1,ST. AUGUSTINE AREA,3708,94
2005,1,SUWANNEE AREA,8267,143
2005,2,APALACHICOLA BAY AREA,163934,1672
2005,2,REST OF FL EAST,89,1
2005,2,REST OF FL WEST,1212,15
2005,2,ST. AUGUSTINE AREA,4451,90
2005,2,SUWANNEE AREA,7413,121
2005,3,APALACHICOLA BAY AREA,168217,1729
2005,3,REST OF FL EAST,295,3
2005,3,REST OF FL WEST,1144,6
2005,3,ST. AUGUSTINE AREA,3603,83
2005,3,SUWANNEE AREA,5923,67
2005,4,APALACHICOLA BAY AREA,129586,1264
2005,4,REST OF FL WEST,1884,15
2005,4,ST. AUGUSTINE AREA,2989,71
2005,4,SUWANNEE AREA,6144,60
2005,5,APALACHICOLA BAY AREA,136841,1376
2005,5,REST OF FL WEST,3196,23
2005,5,ST. AUGUSTINE AREA,1608,44
2005,5,SUWANNEE AREA,2087,29
2005,6,APALACHICOLA BAY AREA,128315,1368
2005,6,REST OF FL WEST,885,7
2005,6,ST. AUGUSTINE AREA,1792,54
2005,7,APALACHICOLA BAY AREA,58255,538
2005,7,REST OF FL WEST,564,3
2005,7,ST. AUGUSTINE AREA,919,36
2005,8,APALACHICOLA BAY AREA,78946,857
2005,8,REST OF FL WEST,786,5
2005,8,ST. AUGUSTINE AREA,960,47
2005,9,APALACHICOLA BAY AREA,13640,156
2005,9,REST OF FL WEST,9106,115
2005,9,ST. AUGUSTINE AREA,564,26
2005,9,SUWANNEE AREA,8703,116
2005,10,REST OF FL WEST,2376,34
2005,10,ST. AUGUSTINE AREA,3416,81
2005,10,SUWANNEE AREA,33150,284
2005,11,APALACHICOLA BAY AREA,23138,231
2005,11,REST OF FL WEST,3470,39
2005,11,ST. AUGUSTINE AREA,6100,117
2005,11,SUWANNEE AREA,18720,169
2005,12,APALACHICOLA BAY AREA,180652,1766
2005,12,REST OF FL EAST,781,9
2005,12,REST OF FL WEST,6544,42
2005,12,ST. AUGUSTINE AREA,7511,112
2005,12,SUWANNEE AREA,29935,305
2006,1,APALACHICOLA BAY AREA,146894,1755
2006,1,REST OF FL EAST,39,1
2006,1,REST OF FL WEST,5525,58
2006,1,ST. AUGUSTINE AREA,6643,109
2006,1,SUWANNEE AREA,25657,255
2006,2,APALACHICOLA BAY AREA,158907,1862
2006,2,REST OF FL EAST,446,10
2006,2,REST OF FL WEST,5051,46
2006,2,ST. AUGUSTINE AREA,6057,111
2006,2,SUWANNEE AREA,22648,269
2006,3,APALACHICOLA BAY AREA,145923,1757
2006,3,REST OF FL EAST,492,16
2006,3,REST OF FL WEST,7433,70
2006,3,ST. AUGUSTINE AREA,6581,127
2006,3,SUWANNEE AREA,25173,300
2006,4,APALACHICOLA BAY AREA,126577,1429
2006,4,REST OF FL EAST,151,6
2006,4,REST OF FL WEST,6138,49
2006,4,ST. AUGUSTINE AREA,5477,97
2006,4,SUWANNEE AREA,15897,193
2006,5,APALACHICOLA BAY AREA,137939,1645
2006,5,REST OF FL EAST,92,2
2006,5,REST OF FL WEST,5185,44
2006,5,ST. AUGUSTINE AREA,3376,69
2006,5,SUWANNEE AREA,8036,113
2006,6,APALACHICOLA BAY AREA,141391,1384
2006,6,REST OF FL EAST,105,2
2006,6,REST OF FL WEST,4211,36
2006,6,ST. AUGUSTINE AREA,2648,53
2006,7,APALACHICOLA BAY AREA,190271,2246
2006,7,REST OF FL WEST,2707,14
2006,7,ST. AUGUSTINE AREA,917,29
2006,8,APALACHICOLA BAY AREA,113672,1437
2006,8,REST OF FL WEST,2422,18
2006,8,ST. AUGUSTINE AREA,735,28
2006,9,APALACHICOLA BAY AREA,238081,2178
2006,9,REST OF FL WEST,6090,37
2006,9,ST. AUGUSTINE AREA,591,27
2006,9,SUWANNEE AREA,17381,214
2006,10,APALACHICOLA BAY AREA,234338,2281
2006,10,REST OF FL EAST,187,3
2006,10,REST OF FL WEST,9101,49
2006,10,ST. AUGUSTINE AREA,3816,80
2006,10,SUWANNEE AREA,17631,253
2006,11,APALACHICOLA BAY AREA,248175,2374
2006,11,REST OF FL EAST,348,6
2006,11,REST OF FL WEST,12897,58
2006,11,ST. AUGUSTINE AREA,6175,110
2006,11,SUWANNEE AREA,23778,292
2006,12,APALACHICOLA BAY AREA,246054,2325
2006,12,REST OF FL EAST,663,17
2006,12,REST OF FL WEST,16415,126
2006,12,ST. AUGUSTINE AREA,9516,153
2006,12,SUWANNEE AREA,22236,206
2007,1,APALACHICOLA BAY AREA,278110,2723
2007,1,REST OF FL EAST,620,16
2007,1,REST OF FL WEST,9348,61
2007,1,ST. AUGUSTINE AREA,4641,97
2007,1,SUWANNEE AREA,28099,288
2007,2,APALACHICOLA BAY AREA,253433,2502
2007,2,REST OF FL EAST,207,6
2007,2,REST OF FL WEST,9709,75
2007,2,ST. AUGUSTINE AREA,4387,87
2007,2,SUWANNEE AREA,26100,269
2007,3,APALACHICOLA BAY AREA,221523,2663
2007,3,REST OF FL EAST,878,22
2007,3,REST OF FL WEST,7008,63
2007,3,ST. AUGUSTINE AREA,3813,90
2007,3,SUWANNEE AREA,24238,269
2007,4,APALACHICOLA BAY AREA,217669,2307
2007,4,REST OF FL EAST,400,13
2007,4,REST OF FL WEST,6136,37
2007,4,ST. AUGUSTINE AREA,3038,87
2007,4,SUWANNEE AREA,16890,197
2007,5,APALACHICOLA BAY AREA,194660,2105
2007,5,REST OF FL WEST,7099,77
2007,5,ST. AUGUSTINE AREA,1532,41
2007,5,SUWANNEE AREA,13268,199
2007,6,APALACHICOLA BAY AREA,224896,2460
2007,6,REST OF FL WEST,4276,28
2007,6,ST. AUGUSTINE AREA,1736,42
2007,6,SUWANNEE AREA,91,2
2007,7,APALACHICOLA BAY AREA,191574,2481
2007,7,REST OF FL WEST,2994,10
2007,7,ST. AUGUSTINE AREA,453,15
2007,8,APALACHICOLA BAY AREA,138789,1882
2007,8,REST OF FL WEST,3174,17
2007,8,ST. AUGUSTINE AREA,479,24
2007,9,APALACHICOLA BAY AREA,196386,2216
2007,9,REST OF FL WEST,7954,41
2007,9,ST. AUGUSTINE AREA,358,22
2007,9,SUWANNEE AREA,10673,126
2007,10,APALACHICOLA BAY AREA,231304,2606
2007,10,REST OF FL EAST,231,9
2007,10,REST OF FL WEST,11944,74
2007,10,ST. AUGUSTINE AREA,2205,46
2007,10,SUWANNEE AREA,24901,279
2007,11,APALACHICOLA BAY AREA,265210,2721
2007,11,REST OF FL EAST,282,9
2007,11,REST OF FL WEST,17500,92
2007,11,ST. AUGUSTINE AREA,2070,45
2007,11,SUWANNEE AREA,25826,341
2007,12,APALACHICOLA BAY AREA,251373,2689
2007,12,REST OF FL WEST,15717,86
2007,12,ST. AUGUSTINE AREA,5854,125
2007,12,SUWANNEE AREA,18585,246
2008,1,APALACHICOLA BAY AREA,229603,2625
2008,1,REST OF FL EAST,345,9
2008,1,REST OF FL WEST,13376,86
2008,1,ST. AUGUSTINE AREA,6763,130
2008,1,SUWANNEE AREA,17460,265
2008,2,APALACHICOLA BAY AREA,225090,2580
2008,2,REST OF FL EAST,443,12
2008,2,REST OF FL WEST,12394,73
2008,2,ST. AUGUSTINE AREA,5896,113
2008,2,SUWANNEE AREA,15539,235
2008,3,APALACHICOLA BAY AREA,198919,2266
2008,3,REST OF FL EAST,610,21
2008,3,REST OF FL WEST,10260,53
2008,3,ST. AUGUSTINE AREA,5306,99
2008,3,SUWANNEE AREA,16065,234
2008,4,APALACHICOLA BAY AREA,175001,2017
2008,4,REST OF FL EAST,364,12
2008,4,REST OF FL WEST,11567,81
2008,4,ST. AUGUSTINE AREA,4187,96
2008,4,SUWANNEE AREA,12202,187
2008,5,APALACHICOLA BAY AREA,153474,1880
2008,5,REST OF FL EAST,112,4
2008,5,REST OF FL WEST,8614,72
2008,5,ST. AUGUSTINE AREA,2704,65
2008,5,SUWANNEE AREA,5128,92
2008,6,APALACHICOLA BAY AREA,155198,2008
2008,6,REST OF FL WEST,6522,44
2008,6,ST. AUGUSTINE AREA,3869,79
2008,7,APALACHICOLA BAY AREA,153506,2129
2008,7,REST OF FL WEST,2723,11
2008,7,ST. AUGUSTINE AREA,712,21
2008,8,APALACHICOLA BAY AREA,96461,1375
2008,8,REST OF FL WEST,3911,13
2008,8,ST. AUGUSTINE AREA,646,26
2008,9,APALACHICOLA BAY AREA,234646,2954
2008,9,REST OF FL WEST,9207,44
2008,9,ST. AUGUSTINE AREA,581,25
2008,9,SUWANNEE AREA,16812,267
2008,10,APALACHICOLA BAY AREA,214376,2771
2008,10,REST OF FL WEST,11348,73
2008,10,ST. AUGUSTINE AREA,4547,115
2008,10,SUWANNEE AREA,16465,287
2008,11,APALACHICOLA BAY AREA,196499,2489
2008,11,REST OF FL EAST,13,1
2008,11,REST OF FL WEST,22510,124
2008,11,ST. AUGUSTINE AREA,5519,117
2008,11,SUWANNEE AREA,13436,260
2008,12,APALACHICOLA BAY AREA,207804,2547
2008,12,REST OF FL EAST,1503,17
2008,12,REST OF FL WEST,3415,49
2008,12,ST. AUGUSTINE AREA,9306,139
2008,12,SUWANNEE AREA,15063,213
2009,1,APALACHICOLA BAY AREA,299897,3950
2009,1,REST OF FL EAST,46,3
2009,1,REST OF FL WEST,8647,73
2009,1,ST. AUGUSTINE AREA,7642,123
2009,1,SUWANNEE AREA,11351,207
2009,2,APALACHICOLA BAY AREA,278619,3912
2009,2,REST OF FL EAST,39,2
2009,2,REST OF FL WEST,12742,120
2009,2,ST. AUGUSTINE AREA,5165,91
2009,2,SUWANNEE AREA,10907,174
2009,3,APALACHICOLA BAY AREA,281273,3803
2009,3,REST OF FL EAST,26,1
2009,3,REST OF FL WEST,14694,129
2009,3,ST. AUGUSTINE AREA,3376,82
2009,3,SUWANNEE AREA,9948,184
2009,4,APALACHICOLA BAY AREA,213413,2827
2009,4,REST OF FL WEST,10524,87
2009,4,ST. AUGUSTINE AREA,2609,66
2009,4,SUWANNEE AREA,6900,139
2009,5,APALACHICOLA BAY AREA,210547,3309
2009,5,REST OF FL WEST,7794,72
2009,5,ST. AUGUSTINE AREA,837,30
2009,5,SUWANNEE AREA,2768,63
2009,6,APALACHICOLA BAY AREA,297890,4069
2009,6,REST OF FL WEST,8562,70
2009,6,ST. AUGUSTINE AREA,1463,44
2009,7,APALACHICOLA BAY AREA,221633,3434
2009,7,REST OF FL WEST,4959,47
2009,8,APALACHICOLA BAY AREA,143502,2559
2009,8,REST OF FL WEST,3647,31
2009,9,APALACHICOLA BAY AREA,222324,3459
2009,9,REST OF FL WEST,453,1
2009,9,SUWANNEE AREA,5663,105
2009,10,APALACHICOLA BAY AREA,207855,3450
2009,10,REST OF FL WEST,24898,174
2009,10,ST. AUGUSTINE AREA,5444,131
2009,10,SUWANNEE AREA,5969,121
2009,11,APALACHICOLA BAY AREA,172925,2736
2009,11,REST OF FL WEST,9852,86
2009,11,ST. AUGUSTINE AREA,5447,136
2009,11,SUWANNEE AREA,4815,85
2009,12,APALACHICOLA BAY AREA,152455,2514
2009,12,REST OF FL EAST,164,3
2009,12,REST OF FL WEST,2520,17
2009,12,ST. AUGUSTINE AREA,8295,181
2009,12,SUWANNEE AREA,4944,84
2010,1,APALACHICOLA BAY AREA,150878,2476
2010,1,REST OF FL EAST,184,4
2010,1,REST OF FL WEST,5456,46
2010,1,ST. AUGUSTINE AREA,6425,163
2010,1,SUWANNEE AREA,5111,96
2010,2,APALACHICOLA BAY AREA,146185,2595
2010,2,REST OF FL EAST,39,2
2010,2,REST OF FL WEST,2325,21
2010,2,ST. AUGUSTINE AREA,1683,36
2010,2,SUWANNEE AREA,4337,94
2010,3,APALACHICOLA BAY AREA,211941,3400
2010,3,REST OF FL EAST,125,3
2010,3,REST OF FL WEST,12309,93
2010,3,ST. AUGUSTINE AREA,4763,126
2010,3,SUWANNEE AREA,5738,126
2010,4,APALACHICOLA BAY AREA,190620,3087
2010,4,REST OF FL WEST,24132,214
2010,4,ST. AUGUSTINE AREA,4272,105
2010,4,SUWANNEE AREA,4057,90
2010,5,APALACHICOLA BAY AREA,204621,3075
2010,5,REST OF FL WEST,15895,134
2010,5,ST. AUGUSTINE AREA,2845,72
2010,5,SUWANNEE AREA,1630,47
2010,6,APALACHICOLA BAY AREA,134353,2347
2010,6,REST OF FL WEST,8574,92
2010,6,ST. AUGUSTINE AREA,2970,63
2010,7,APALACHICOLA BAY AREA,169385,2806
2010,7,REST OF FL WEST,6215,62
2010,8,APALACHICOLA BAY AREA,139834,2491
2010,8,REST OF FL WEST,5243,60
2010,9,APALACHICOLA BAY AREA,146053,2567
2010,9,REST OF FL WEST,10215,138
2010,9,SUWANNEE AREA,2881,67
2010,10,APALACHICOLA BAY AREA,158225,2632
2010,10,REST OF FL WEST,17415,177
2010,10,ST. AUGUSTINE AREA,4472,95
2010,10,SUWANNEE AREA,6718,95
2010,11,APALACHICOLA BAY AREA,144612,2377
2010,11,REST OF FL EAST,138,3
2010,11,REST OF FL WEST,16115,176
2010,11,ST. AUGUSTINE AREA,8784,165
2010,11,SUWANNEE AREA,18308,200
2010,12,APALACHICOLA BAY AREA,174632,2978
2010,12,REST OF FL EAST,285,14
2010,12,REST OF FL WEST,9344,115
2010,12,ST. AUGUSTINE AREA,9870,175
2010,12,SUWANNEE AREA,10115,98
2011,1,APALACHICOLA BAY AREA,136484,2163
2011,1,REST OF FL EAST,980,21
2011,1,REST OF FL WEST,12703,178
2011,1,ST. AUGUSTINE AREA,7166,129
2011,1,SUWANNEE AREA,11582,149
2011,2,APALACHICOLA BAY AREA,174259,2758
2011,2,REST OF FL EAST,1791,29
2011,2,REST OF FL WEST,15119,229
2011,2,ST. AUGUSTINE AREA,7002,114
2011,2,SUWANNEE AREA,10068,114
2011,3,APALACHICOLA BAY AREA,179942,2819
2011,3,REST OF FL EAST,2010,40
2011,3,REST OF FL WEST,25154,331
2011,3,ST. AUGUSTINE AREA,6152,101
2011,3,SUWANNEE AREA,13944,159
2011,4,APALACHICOLA BAY AREA,168231,2637
2011,4,REST OF FL EAST,319,8
2011,4,REST OF FL WEST,13676,156
2011,4,ST. AUGUSTINE AREA,5106,78
2011,4,SUWANNEE AREA,9005,102
2011,5,APALACHICOLA BAY AREA,196210,3409
2011,5,REST OF FL WEST,10469,148
2011,5,ST. AUGUSTINE AREA,3117,49
2011,5,SUWANNEE AREA,7523,81
2011,6,APALACHICOLA BAY AREA,252547,3869
2011,6,REST OF FL WEST,7562,96
2011,6,ST. AUGUSTINE AREA,3147,52
2011,7,APALACHICOLA BAY AREA,220915,3840
2011,7,REST OF FL WEST,290,6
2011,8,APALACHICOLA BAY AREA,166255,3189
2011,8,REST OF FL WEST,2569,47
2011,9,APALACHICOLA BAY AREA,213224,4033
2011,9,REST OF FL WEST,8700,151
2011,9,SUWANNEE AREA,21098,244
2011,10,APALACHICOLA BAY AREA,201767,3566
2011,10,REST OF FL WEST,12224,174
2011,10,ST. AUGUSTINE AREA,5667,117
2011,10,SUWANNEE AREA,22341,270
2011,11,APALACHICOLA BAY AREA,256277,3795
2011,11,REST OF FL EAST,809,17
2011,11,REST OF FL WEST,18214,230
2011,11,ST. AUGUSTINE AREA,9658,200
2011,11,SUWANNEE AREA,25532,267
2011,12,APALACHICOLA BAY AREA,281400,4185
2011,12,REST OF FL EAST,2051,65
2011,12,REST OF FL WEST,23172,262
2011,12,ST. AUGUSTINE AREA,12400,180
2011,12,SUWANNEE AREA,26328,248
2012,1,APALACHICOLA BAY AREA,297029,4412
2012,1,REST OF FL EAST,4061,73
2012,1,REST OF FL WEST,21269,273
2012,1,ST. AUGUSTINE AREA,10293,159
2012,1,SUWANNEE AREA,21648,223
2012,2,APALACHICOLA BAY AREA,255343,4014
2012,2,REST OF FL EAST,4694,83
2012,2,REST OF FL WEST,21429,257
2012,2,ST. AUGUSTINE AREA,6827,108
2012,2,SUWANNEE AREA,20959,198
2012,3,APALACHICOLA BAY AREA,247999,3896
2012,3,REST OF FL EAST,4143,85
2012,3,REST OF FL WEST,23786,310
2012,3,ST. AUGUSTINE AREA,7639,113
2012,3,SUWANNEE AREA,17821,165
2012,4,APALACHICOLA BAY AREA,255079,3885
2012,4,REST OF FL EAST,1837,39
2012,4,REST OF FL WEST,13193,196
2012,4,ST. AUGUSTINE AREA,4407,82
2012,4,SUWANNEE AREA,14329,135
2012,5,APALACHICOLA BAY AREA,265255,4558
2012,5,REST OF FL EAST,1409,28
2012,5,REST OF FL WEST,21200,302
2012,5,ST. AUGUSTINE AREA,3114,65
2012,5,SUWANNEE AREA,8404,74
2012,6,APALACHICOLA BAY AREA,261691,3699
2012,6,REST OF FL EAST,528,16
2012,6,REST OF FL WEST,7694,90
2012,6,ST. AUGUSTINE AREA,3550,63
2012,7,APALACHICOLA BAY AREA,248970,4397
2012,7,REST OF FL EAST,204,25
2012,8,APALACHICOLA BAY AREA,120324,2413
2012,8,REST OF FL EAST,46,6
2012,9,APALACHICOLA BAY AREA,65038,1757
2012,9,SUWANNEE AREA,4946,69
